ticker,last_date,last_close,forecast,change_idr,change_pct,direction,mape,lookback
WIFI,2026-06-04,1700.0,1907.0,207.0,12.17,▲,4.22,3
INET,2026-06-04,179.0,198.0,19.0,10.65,▲,7.9,12
BBCA,2026-06-04,5425.0,5776.0,351.0,6.47,▲,1.99,48
^JKSE,2026-06-04,5840.0,6025.0,185.0,3.17,▲,1.77,11
CLEO,2026-06-04,368.0,380.0,12.0,3.14,▲,2.25,12
SUNI,2026-06-04,655.0,665.0,10.0,1.49,▲,1.34,3
MPMX,2026-06-04,1115.0,1117.0,2.0,0.22,▲,0.69,3
DMAS,2026-06-04,153.0,151.0,-2.0,-1.31,▼,0.93,14
ANTM,2026-06-04,2760.0,2712.0,-48.0,-1.74,▼,3.29,28
